Workbook
Name _IDR1: [1]Analysis!$G$3
Name _IDR2: [1]Analysis!$G$3
Name A_C: [1]Analysis!$G$3
Name ALT: [1]Analysis!$G$3
Name FAN: [1]Analysis!$G$3
Name P_S: [1]Analysis!$G$3
Name TEN: [1]Analysis!$G$3
Name W_P: [1]Analysis!$G$3

Sheet EN_REPORT
I1: FEAD Performance Analysis Report
B5: File No. : | I5: Version : | O5: Date : | Q5: =TODAY()
B7: Project Information
B10: Client : | L10: Project:
B11: Number of engine cylinders： | J11: =IF([2]初始输入!C12="","",[2]初始输入!C12) | L11: Engine power | R11: =IF([2]初始输入!C13="","",[2]初始输入!C13)
B12: Problem Statement :
B13: Analysis Reference :
C14: Layout Data (input)
C30: Geometry Analysis (Input）
C33: Belt Data (input)
C35: Belt name : | J35: Multi- V Belt | O35: Geometric Dimension :
C36: Belt rib Geometry type : | K36: / | O36: Belt Height : | W36: [mm]
C37: No.of Ribs/Cord Material: | K37: / | O37: Belt Flat to Pitch : | W37: [mm]
C38: Stretch and Wear Allow : | K38: % of Length | O38: Belt Pitch to Effective : | W38: [mm]
C40: Tensioner Data (input)
C42: Tensioner Type : | O42: =IF([2]Input!F17="YES","Tensioner Arm Length :","Tensioner Line Length :") | W42: [mm]
C43: =IF([2]Input!F17="YES","Pivot Point {x,y} [mm] :","Starting Point {x,y} [mm] :") | O43: =IF([2]Input!F17="YES","Tensioner Arm Angle :","Ending Point {x,y} [mm] :") | W43: =IF([2]Input!F17="YES","[deg]",ROUND([2]Input!E44,2))
C44: Belt Design Tension [N] : | K44: N ( | L44: =I44/(9.8*0.454) | M44: Ib ) | O44: =IF([2]Input!F17="YES","Spring Rate Factor :","Nominal Point {x,y} [mm] :") | W44: =IF([2]Input!F17="YES","[Nm/deg]",ROUND([2]Input!G44,2))
C46: Layout Data (input)
C48: NO. | E48: Pulley | H48: X | K48: Y | N48: Flat | Q48: Pitch | T48: Effective | W48: Pulley
H49: Coordinate | K49: Coordinate | N49: Diameter | Q49: Diameter | T49: Diameter | W49: Type
C50: =[2]Geometry!A5
C51: =[2]Geometry!A6
C52: =[2]Geometry!A7
C53: =[2]Geometry!A8
C54: =[2]Geometry!A9
C55: =[2]Geometry!A10
C56: =[2]Geometry!A11
C57: =[2]Geometry!A12
C58: =[2]Geometry!A13
C59: =[2]Geometry!A14
C62: Layout Data (Results)
C64: Min Belt | O64: Nominal Belt
C79: Jitter risk segment | J79: =[2]初始输入!B66 | O79: Jitter risk segment | V79: =[2]初始输入!I66
C80: Interference Pulley | J80: =[2]初始输入!B68 | O80: Interference Pulley | V80: =[2]初始输入!I68
C81: Tensioner pulley swing angle | J81: =IF(AND([2]初始输入!C41="Automatic",J80="TEN"),"±"&[2]抖动计算!B5,"/") | M81: deg | O81: Tensioner pulley swing angle | V81: =IF(AND([2]初始输入!C41="Automatic",V80="TEN"),"±"&[2]抖动计算!B6,"/") | Y81: deg
C82: Distance | J82: =[2]抖动计算!S11 | M82: mm | O82: Distance | V82: =[2]初始输入!I74 | Y82: mm
C84: Max Belt | O84: Stretch & wear
C94: Jitter risk segment | J94: =[2]初始输入!B77 | O94: Jitter risk segment | V94: =[2]初始输入!I77
C95: Interference Pulley | J95: =[2]初始输入!B79 | O95: Interference Pulley | V95: =[2]初始输入!I79
C96: Tensioner pulley swing angle | J96: =IF(AND([2]初始输入!C41="Automatic",J95="TEN"),"±"&[2]抖动计算!B7,"/") | M96: deg | O96: Tensioner pulley swing angle | V96: =IF(AND([2]初始输入!C41="Automatic",V95="TEN"),"±"&[2]抖动计算!B8,"/") | Y96: deg
C97: Distance | J97: =[2]初始输入!B85 | M97: mm | O97: Distance | V97: =[2]初始输入!I85 | Y97: mm
C104: Geometry Analysis (Results）
C108: Belt Data(Results)
C110: Eff.Drive Length (ref.ISO 9981) | J110: =ROUND([2]Geometry!K16,0) | L110: [mm] | O110: Max Stretch (Free Arm) : | U110: =(L126/L124-1)*100 | W110: % of Length
C111: Length Tolerance : | J111: ± | K111: =[2]Input!H20 | L111: [mm] | O111: Belt design tension per rib: | U111: =I44/I37 | X111: [N/rib] | AC111: =[2]Input!H19
C113: Tensioner Data(Results)
C115: =IF([2]Input!F17="YES","Design Torque [Nm] :"," /") | I115: =IF([2]Input!F17="YES",N123,"/ ") | K115: =IF([2]Input!F17="YES","Nm"," ") | L115: =IF([2]Input!F17="YES",CONCATENATE("±",ROUND(0.1*I115,1),"Nm"),"/") | O115: =IF([2]Input!F17="YES","Total Travel Angle (Min) :","Total Travel Length (Min) :") | U115: =IF([2]Input!F17="YES",CONCATENATE("≥ ",IF(ABS(J121-J126)>180,ROUND(360-ABS(J121-J126),1),ROUND(ABS(J121-J126),1))),CONCATENATE("≥ ",ROUND([2]Input!F48,2))) | X115: =X116
C116: Belt Take-up/Arm Ratio : | I116: =CONCATENATE(ROUND(ABS(L124-L122)/IF(ABS(J124-J122)>180,360-ABS(J124-J122),ABS(J124-J122)),3),IF([2]Input!F17="YES","[mm/deg]","[mm/mm]")) | L116: =CONCATENATE("(",ROUND(100*(ABS(L124-L122)/IF(ABS(J124-J122)>180,360-ABS(J124-J122),ABS(J124-J122)))/L123,3),"%)") | O116: =IF([2]Input!F17="YES","Nominal Working Angle :","Nominal Working Length :") | U116: =IF([2]Input!F17="YES",IF(ABS(J123-J126)>180,360-ABS(J123-J126),ABS(J123-J126)),ROUND([2]Input!F49,2)) | X116: =IF([2]Input!F17="YES","[deg]","[mm]")
C118: Tensioner Pulley Geometry(Results)
B119: Tensioner Position | F119: Pulley Position | J119: =IF([2]Input!F17="YES","Arm Position [deg]","Arm Travel [mm]") | L119: Effective Belt Length [mm] | N119: =IF([2]Input!F17="YES","Tensioner Torque [Nm]"," NA ") | P119: Belt Design Tension [N] | R119: Pulley Wrap Angle [deg] | T119: Pulley Hubload [N] | V119: Hubload Direction [deg] | X119: =IF([2]Input!F17="YES","Hubload to Arm Angle [deg]"," NA ")
F120: X | H120: Y
B121: Install | D121: =CONCATENATE("-",OFFSET(C49,MATCH("TEN",E50:E59,0),0),"/TEN") | F121: =IF([2]Input!$F$17="YES",[2]Input!D26,[2]Input!D47) | H121: =IF([2]Input!$F$17="YES",[2]Input!E26,[2]Input!E47) | J121: =IF([2]Input!F17="YES",IF([2]Input!F26<0,360+[2]Input!F26,IF([2]Input!F26>360,[2]Input!F26-360,[2]Input!F26)),[2]Input!F47) | L121: =[2]Geometry!G43 | N121: =IF([2]Input!I26="NO","no install",IF([2]Input!F17="YES",[2]Input!D34," / ")) | P121: =IF([2]Input!I26="NO","no install",IF(ISERROR([2]Input!H32),"Invalid",IF([2]Input!H32>10000,"+∞",[2]Input!H32))) | R121: =IF(ISERROR([2]Input!F34),"Invalid",[2]Input!F34) | T121: =IF([2]Input!I26="NO","no install",IF(ISERROR([2]Input!G34),"Invalid",IF([2]Input!G34>10000,"+∞",[2]Input!G34))) | V121: =IF([2]Input!I26="NO","no install",IF(ISERROR([2]Input!M34),"Invalid",[2]Input!M34)) | X121: =IF([2]Input!I26="NO","no install",IF(ISERROR(IF([2]Input!F17="YES",IF([2]Input!O34>180,360-[2]Input!O34,[2]Input!O34)," / ")),"Invalid",IF([2]Input!F17="YES",IF([2]Input!O34>180,360-[2]Input!O34,[2]Input!O34)," / ")))
B122: Min Belt | F122: =IF([2]Input!$F$17="YES",[2]Input!D27,[2]Input!D48) | H122: =IF([2]Input!$F$17="YES",[2]Input!E27,[2]Input!E48) | J122: =IF([2]Input!F17="YES",IF([2]Input!F27<0,360+[2]Input!F27,IF([2]Input!F27>360,[2]Input!F27-360,[2]Input!F27)),[2]Input!F48) | L122: =IF([2]Input!I27="NO","Error",[2]Input!G27) | N122: =IF([2]Input!I27="NO","Error",IF([2]Input!F17="YES",[2]Input!D35," / ")) | P122: =IF([2]Input!I27="NO","Error",IF(ISERROR([2]Input!H35),"Invalid",[2]Input!H35)) | R122: =IF([2]Input!I27="NO","Error",IF(ISERROR([2]Input!F35),"Invalid",[2]Input!F35)) | T122: =IF([2]Input!I27="NO","Error",IF(ISERROR([2]Input!G35),"Invalid",[2]Input!G35)) | V122: =IF([2]Input!I27="NO","Error",IF(ISERROR([2]Input!M35),"Invalid",[2]Input!M35)) | X122: =IF([2]Input!I27="NO","Error",IF(ISERROR(IF([2]Input!F17="YES",IF([2]Input!O35>180,360-[2]Input!O35,[2]Input!O35)," / ")),"Invalid",IF([2]Input!F17="YES",IF([2]Input!O35>180,360-[2]Input!O35,[2]Input!O35)," / ")))
B123: Nominal Belt | F123: =IF([2]Input!$F$17="YES",[2]Input!D28,[2]Input!D49) | H123: =IF([2]Input!$F$17="YES",[2]Input!E28,[2]Input!E49) | J123: =IF([2]Input!F17="YES",IF([2]Input!F28<360,[2]Input!F28,[2]Input!F28-360),[2]Input!F49) | L123: =[2]Input!G28 | N123: =IF([2]Input!F17="YES",[2]Input!D36," / ") | P123: =[2]Input!H36 | R123: =[2]Input!F36 | T123: =[2]Input!G36 | V123: =[2]Input!M36 | X123: =IF([2]Input!F17="YES",IF([2]Input!O36>180,360-[2]Input!O36,[2]Input!O36)," / ") | AC123: =J124-J124 | AE123: =ABS(L124-L124)
B124: Max Belt | F124: =IF([2]Input!$F$17="YES",[2]Input!D29,[2]Input!D50) | H124: =IF([2]Input!$F$17="YES",[2]Input!E29,[2]Input!E50) | J124: =IF([2]Input!F17="YES",IF([2]Input!F29<0,360+[2]Input!F29,IF([2]Input!F29>360,[2]Input!F29-360,[2]Input!F29)),[2]Input!F50) | L124: =IF([2]Input!I29="NO","Error",[2]Input!G29) | N124: =IF([2]Input!I29="NO","Error",IF([2]Input!F17="YES",[2]Input!D37," / ")) | P124: =IF([2]Input!I29="NO","Error",IF(ISERROR([2]Input!H37),"Invalid",[2]Input!H37)) | R124: =IF([2]Input!I29="NO","Error",IF(ISERROR([2]Input!F37),"Invalid",[2]Input!F37)) | T124: =IF([2]Input!I29="NO","Error",IF(ISERROR([2]Input!G37),"Invalid",[2]Input!G37)) | V124: =IF([2]Input!I29="NO","Error",IF(ISERROR([2]Input!M37),"Invalid",[2]Input!M37)) | X124: =IF([2]Input!I29="NO","Error",IF(ISERROR(IF([2]Input!F17="YES",IF([2]Input!O37>180,360-[2]Input!O37,[2]Input!O37)," / ")),"Invalid",IF([2]Input!F17="YES",IF([2]Input!O37>180,360-[2]Input!O37,[2]Input!O37)," / "))) | AC124: =IF(ABS(J123-J124)>180,360-ABS(J123-J124),ABS(J123-J124)) | AE124: =ABS(L123-L124)
B125: Stretch & wear | F125: =IF([2]Input!$F$17="YES",[2]Input!D30,[2]Input!D51) | H125: =IF([2]Input!$F$17="YES",[2]Input!E30,[2]Input!E51) | J125: =IF([2]Input!F17="YES",IF([2]Input!F30<0,360+[2]Input!F30,IF([2]Input!F30>360,[2]Input!F30-360,[2]Input!F30)),[2]Input!F51) | L125: =IF([2]Input!I30="NO","Error",[2]Input!G30) | N125: =IF([2]Input!I30="NO","Error",IF([2]Input!F17="YES",[2]Input!D38," / ")) | P125: =IF([2]Input!I30="NO","Error",IF(ISERROR([2]Input!H38),"Invalid",[2]Input!H38)) | R125: =IF([2]Input!I30="NO","Error",IF(ISERROR([2]Input!F38),"Invalid",[2]Input!F38)) | T125: =IF([2]Input!I30="NO","Error",IF(ISERROR([2]Input!G38),"Invalid",[2]Input!G38)) | V125: =IF([2]Input!I30="NO","Error",IF(ISERROR([2]Input!M38),"Invalid",[2]Input!M38)) | X125: =IF([2]Input!I30="NO","Error",IF(ISERROR(IF([2]Input!F17="YES",IF([2]Input!O38>180,360-[2]Input!O38,[2]Input!O38)," / ")),"Invalid",IF([2]Input!F17="YES",IF([2]Input!O38>180,360-[2]Input!O38,[2]Input!O38)," / "))) | AC125: =IF(ABS(J122-J124)>180,360-ABS(J122-J124),ABS(J122-J124)) | AE125: =ABS(L122-L124) | AH125: =IF(ABS(J126-J125)>180,360-ABS(J126-J125),ABS(J126-J125)) | AI125: =[2]Input!Q16
B126: Free Arm | F126: =IF([2]Input!$F$17="YES",[2]Input!D31,[2]Input!D52) | H126: =IF([2]Input!$F$17="YES",[2]Input!E31,[2]Input!E52) | J126: =IF([2]Input!F17="YES",IF([2]Input!F31<0,360+[2]Input!F31,IF([2]Input!F31>360,[2]Input!F31-360,[2]Input!F31)),[2]Input!F52) | L126: =[2]Input!G31 | N126: =IF([2]Input!F17="YES",[2]Input!D39," / ") | P126: =IF(ISERROR([2]Input!H39),"Invalid",[2]Input!H39) | R126: =IF(ISERROR([2]Input!F39),"Invalid",[2]Input!F39) | T126: =IF(ISERROR([2]Input!G39),"Invalid",[2]Input!G39) | V126: =IF(ISERROR([2]Input!M39),"Invalid",[2]Input!M39) | X126: =IF(ISERROR(IF([2]Input!F17="YES",IF([2]Input!O39>180,360-[2]Input!O39,[2]Input!O39)," / ")),"Invalid",IF([2]Input!F17="YES",IF([2]Input!O39>180,360-[2]Input!O39,[2]Input!O39)," / ")) | AC126: =IF(ABS(J121-J124)>180,360-ABS(J121-J124),ABS(J121-J124)) | AF126: =IF(ABS(J126-J124)>180,360-ABS(J126-J124),ABS(J126-J124)) | AG126: =IF(ABS(J125-J124)>180,360-ABS(J125-J124),ABS(J125-J124)) | AH126: =IF(AF126>AG126,"YES","NO")
C129: Belt Drive System Geometry(Results) | P129: Belt Take-up Ratio
D131: Pulley | F131: Span Length | I131: Wrap Angle | L131: Speed Ratio
F132: [mm] | I132: [deg] | L132: (Ref.Engine)
C133: =C50 | D133: =E50 | F133: =IF(D133="NA",0&"",[2]Geometry!Q5) | I133: =[2]Geometry!S5 | L133: =[2]Geometry!U5
C134: =C51 | D134: =E51 | F134: =IF(D134="NA",0&"",[2]Geometry!Q6) | I134: =[2]Geometry!S6 | L134: =[2]Geometry!U6
C135: =C52 | D135: =E52 | F135: =IF(D135="NA",0&"",[2]Geometry!Q7) | I135: =[2]Geometry!S7 | L135: =[2]Geometry!U7
C136: =C53 | D136: =E53 | F136: =IF(D136="NA",0&"",[2]Geometry!Q8) | I136: =IF(D136="NA"," ",[2]Geometry!S8) | L136: =[2]Geometry!U8
C137: =C54 | D137: =E54 | F137: =IF(D137="NA",0&"",[2]Geometry!Q9) | I137: =IF(D137="NA"," ",[2]Geometry!S9) | L137: =[2]Geometry!U9
C138: =C55 | D138: =E55 | F138: =IF(D138="NA",0&"",[2]Geometry!Q10) | I138: =IF(D138="NA"," ",[2]Geometry!S10) | L138: =[2]Geometry!U10
C139: =C56 | D139: =E56 | F139: =IF(D139="NA",0&"",[2]Geometry!Q11) | I139: =IF(D139="NA"," ",[2]Geometry!S11) | L139: =[2]Geometry!U11
C140: =C57 | D140: =E57 | F140: =IF(D140="NA",0&"",[2]Geometry!Q12) | I140: =IF(D140="NA"," ",[2]Geometry!S12) | L140: =[2]Geometry!U12
C141: =C58 | D141: =E58 | F141: =IF(D141="NA",0&"",[2]Geometry!Q13) | I141: =IF(D141="NA"," ",[2]Geometry!S13) | L141: =[2]Geometry!U13
C142: =C59 | D142: =E59 | F142: =IF(D142="NA",0&"",[2]Geometry!Q14) | I142: =IF(D142="NA"," ",[2]Geometry!S14) | L142: =[2]Geometry!U14 | P142: Belt Tension Control(Results)
F144: Design Geometry
D145: Design Geometry and Clearance: 1. Span lengths (Min) to be > 75 mm( > 75 mm limit applies for span length fromflat pulley to grooved pulley); 2. Span lengths (Max) to be < 300 mm.
C155: Geometry Analysis (Results）
C156: Permissible Grooved Pulley Axial offset Allowance
C157: Adjusted Grooved Pulley | H157: Flat Puleey Angular Misalignment | M157: Perpendicularity | O157: Datum Grooved Pulley | S157: permissible grooved pulley axial offset allowance
C158: =IF([2]Input!B5="NA","",[2]Input!B5) | H158: {=_xlfn.IFNA(IF(INDEX([2]Input!H4:H13,MATCH(C158,[2]Input!B4:B13,0)+1)="Grooved","/",INDEX([2]Input!B4:B13, MATCH(C158, [2]Input!B4:B13, 0)+1)),"")} | M158: / | O158: {=_xlfn.IFNA(IF(H158="/",IF(INDEX([2]Input!$B$5:$B$14, MATCH(C158,[2]Input!$B$5:$B$14, 0)+1)="NA",[2]Input!$B$5,INDEX([2]Input!$B$5:$B$14, MATCH(C158,[2]Input!$B$5:$B$14, 0)+1)),IF(INDEX([2]Input!$B$5:$B$14, MATCH(H158,[2]Input!$B$5:$B$14, 0)+1)="NA",[2]Input!$B$5,INDEX([2]Input!$B$5:$B$14, MATCH(H158,[2]Input!$B$5:$B$14, 0)+1))),"")} | S158: -3.85 | V158: 3.85
C159: =IF(OR(O158=$C$158,O158=""),"",INDEX([2]Input!$B$5:$B$14, MATCH(O158,[2]Input!$B$5:$B$14, 0))) | H159: {=_xlfn.IFNA(IF(INDEX([2]Input!H5:H14,MATCH(C159,[2]Input!B5:B14,0)+1)="Grooved","/",INDEX([2]Input!B5:B14, MATCH(C159, [2]Input!B5:B14, 0)+1)),"")} | M159: / | O159: {=_xlfn.IFNA(IF(H159="/",IF(INDEX([2]Input!$B$5:$B$14, MATCH(C159,[2]Input!$B$5:$B$14, 0)+1)="NA",[2]Input!$B$5,INDEX([2]Input!$B$5:$B$14, MATCH(C159,[2]Input!$B$5:$B$14, 0)+1)),IF(INDEX([2]Input!$B$5:$B$14, MATCH(H159,[2]Input!$B$5:$B$14, 0)+1)="NA",[2]Input!$B$5,INDEX([2]Input!$B$5:$B$14, MATCH(H159,[2]Input!$B$5:$B$14, 0)+1))),"")} | S159: -2.94 | V159: 2.94
C160: =IF(OR(O159=$C$158,O159=""),"",INDEX([2]Input!$B$5:$B$14, MATCH(O159,[2]Input!$B$5:$B$14, 0))) | H160: {=_xlfn.IFNA(IF(INDEX([2]Input!H6:H15,MATCH(C160,[2]Input!B6:B15,0)+1)="Grooved","/",INDEX([2]Input!B6:B15, MATCH(C160, [2]Input!B6:B15, 0)+1)),"")} | M160: 0.3 | O160: {=_xlfn.IFNA(IF(H160="/",IF(INDEX([2]Input!$B$5:$B$14, MATCH(C160,[2]Input!$B$5:$B$14, 0)+1)="NA",[2]Input!$B$5,INDEX([2]Input!$B$5:$B$14, MATCH(C160,[2]Input!$B$5:$B$14, 0)+1)),IF(INDEX([2]Input!$B$5:$B$14, MATCH(H160,[2]Input!$B$5:$B$14, 0)+1)="NA",[2]Input!$B$5,INDEX([2]Input!$B$5:$B$14, MATCH(H160,[2]Input!$B$5:$B$14, 0)+1))),"")} | S160: -0.89 | V160: 1.38
C161: =IF(OR(O160=$C$158,O160=""),"",INDEX([2]Input!$B$5:$B$14, MATCH(O160,[2]Input!$B$5:$B$14, 0))) | H161: {=_xlfn.IFNA(IF(INDEX([2]Input!H7:H16,MATCH(C161,[2]Input!B7:B16,0)+1)="Grooved","/",INDEX([2]Input!B7:B16, MATCH(C161, [2]Input!B7:B16, 0)+1)),"")} | O161: {=_xlfn.IFNA(IF(H161="/",IF(INDEX([2]Input!$B$5:$B$14, MATCH(C161,[2]Input!$B$5:$B$14, 0)+1)="NA",[2]Input!$B$5,INDEX([2]Input!$B$5:$B$14, MATCH(C161,[2]Input!$B$5:$B$14, 0)+1)),IF(INDEX([2]Input!$B$5:$B$14, MATCH(H161,[2]Input!$B$5:$B$14, 0)+1)="NA",[2]Input!$B$5,INDEX([2]Input!$B$5:$B$14, MATCH(H161,[2]Input!$B$5:$B$14, 0)+1))),"")}
C162: =IF(OR(O161=$C$158,O161=""),"",INDEX([2]Input!$B$5:$B$14, MATCH(O161,[2]Input!$B$5:$B$14, 0))) | H162: {=_xlfn.IFNA(IF(INDEX([2]Input!H8:H17,MATCH(C162,[2]Input!B8:B17,0)+1)="Grooved","/",INDEX([2]Input!B8:B17, MATCH(C162, [2]Input!B8:B17, 0)+1)),"")} | O162: {=_xlfn.IFNA(IF(H162="/",IF(INDEX([2]Input!$B$5:$B$14, MATCH(C162,[2]Input!$B$5:$B$14, 0)+1)="NA",[2]Input!$B$5,INDEX([2]Input!$B$5:$B$14, MATCH(C162,[2]Input!$B$5:$B$14, 0)+1)),IF(INDEX([2]Input!$B$5:$B$14, MATCH(H162,[2]Input!$B$5:$B$14, 0)+1)="NA",[2]Input!$B$5,INDEX([2]Input!$B$5:$B$14, MATCH(H162,[2]Input!$B$5:$B$14, 0)+1))),"")}
C163: =IF(OR(O162=$C$158,O162=""),"",INDEX([2]Input!$B$5:$B$14, MATCH(O162,[2]Input!$B$5:$B$14, 0))) | H163: {=_xlfn.IFNA(IF(INDEX([2]Input!H9:H18,MATCH(C163,[2]Input!B9:B18,0)+1)="Grooved","/",INDEX([2]Input!B9:B18, MATCH(C163, [2]Input!B9:B18, 0)+1)),"")} | O163: {=_xlfn.IFNA(IF(H163="/",IF(INDEX([2]Input!$B$5:$B$14, MATCH(C163,[2]Input!$B$5:$B$14, 0)+1)="NA",[2]Input!$B$5,INDEX([2]Input!$B$5:$B$14, MATCH(C163,[2]Input!$B$5:$B$14, 0)+1)),IF(INDEX([2]Input!$B$5:$B$14, MATCH(H163,[2]Input!$B$5:$B$14, 0)+1)="NA",[2]Input!$B$5,INDEX([2]Input!$B$5:$B$14, MATCH(H163,[2]Input!$B$5:$B$14, 0)+1))),"")}
C164: Note: | E164: For | F164: =[2]Input!O26 | G164: [deg] Belt Entry Angle
E165: Approaching the accessory installation surface of the engine is marked as "-"
C167: Dynamic Analysis(Input)
C171: Duty Cycle Rating and Accessory Loads [kw] for B10(Input)
B173: =[2]Analysis!B3 | C173: =[2]Analysis!C3 | E173: =[2]Analysis!D3 | G173: =[2]Analysis!E3 | H173: =[2]Analysis!F3 | I173: =[2]Analysis!A_C | J173: =[2]Analysis!H3 | K173: =[2]Analysis!I3 | L173: =[2]Analysis!J3 | M173: =[2]Analysis!K3 | N173: =[2]Analysis!L3 | O173: =[2]Analysis!M3 | P173: =[2]Analysis!N3 | Q173: =[2]Analysis!O3
B174: =IF([2]负载输入!A4=0," ",[2]负载输入!A4) | C174: =IF([2]负载输入!A4=0," ",[2]Analysis!C4) | E174: =IF([2]负载输入!A4=0," ",[2]Analysis!D4) | G174: =IF([2]负载输入!A4=0," ",[2]Analysis!E4) | H174: =IF([2]负载输入!A4=0," ",[2]负载输入!E4) | I174: =IF([2]负载输入!A4=0," ",[2]负载输入!F4) | J174: =IF([2]负载输入!A4=0," ",IF($J$173="NA"," ",[2]负载输入!G4)) | K174: =IF([2]负载输入!A4=0," ",IF($K$173="NA"," ",[2]负载输入!H4)) | L174: =IF([2]负载输入!A4=0," ",IF($L$173="NA"," ",[2]负载输入!I4)) | M174: =IF([2]负载输入!A4=0," ",IF($M$173="NA"," ",[2]负载输入!J4)) | N174: =IF([2]负载输入!A4=0," ",IF($N$173="NA"," ",[2]负载输入!K4)) | O174: =IF([2]负载输入!A4=0," ",IF($O$173="NA"," ",[2]负载输入!L4)) | P174: =IF([2]负载输入!A4=0," ",IF($P$173="NA"," ",[2]负载输入!M4)) | Q174: =IF([2]负载输入!A4=0," ",IF($Q$173="NA"," ",[2]负载输入!N4))
B175: =IF([2]负载输入!A5=0," ",[2]负载输入!A5) | C175: =IF([2]负载输入!A5=0," ",[2]Analysis!C5) | E175: =IF([2]负载输入!A5=0," ",[2]Analysis!D5) | G175: =IF([2]负载输入!A5=0," ",[2]Analysis!E5) | H175: =IF([2]负载输入!A5=0," ",[2]负载输入!E5) | I175: =IF([2]负载输入!A5=0," ",[2]负载输入!F5) | J175: =IF([2]负载输入!A5=0," ",IF($J$173="NA"," ",[2]负载输入!G5)) | K175: =IF([2]负载输入!A5=0," ",IF($K$173="NA"," ",[2]负载输入!H5)) | L175: =IF([2]负载输入!A5=0," ",IF($L$173="NA"," ",[2]负载输入!I5)) | M175: =IF([2]负载输入!A5=0," ",IF($M$173="NA"," ",[2]负载输入!J5)) | N175: =IF([2]负载输入!A5=0," ",IF($N$173="NA"," ",[2]负载输入!K5)) | O175: =IF([2]负载输入!A5=0," ",IF($O$173="NA"," ",[2]负载输入!L5)) | P175: =IF([2]负载输入!A5=0," ",IF($P$173="NA"," ",[2]负载输入!M5)) | Q175: =IF([2]负载输入!A5=0," ",IF($Q$173="NA"," ",[2]负载输入!N5))
B176: =IF([2]负载输入!A6=0," ",[2]负载输入!A6) | C176: =IF([2]负载输入!A6=0," ",[2]Analysis!C6) | E176: =IF([2]负载输入!A6=0," ",[2]Analysis!D6) | G176: =IF([2]负载输入!A6=0," ",[2]Analysis!E6) | H176: =IF([2]负载输入!A6=0," ",[2]负载输入!E6) | I176: =IF([2]负载输入!A6=0," ",[2]负载输入!F6) | J176: =IF([2]负载输入!A6=0," ",IF($J$173="NA"," ",[2]负载输入!G6)) | K176: =IF([2]负载输入!A6=0," ",IF($K$173="NA"," ",[2]负载输入!H6)) | L176: =IF([2]负载输入!A6=0," ",IF($L$173="NA"," ",[2]负载输入!I6)) | M176: =IF([2]负载输入!A6=0," ",IF($M$173="NA"," ",[2]负载输入!J6)) | N176: =IF([2]负载输入!A6=0," ",IF($N$173="NA"," ",[2]负载输入!K6)) | O176: =IF([2]负载输入!A6=0," ",IF($O$173="NA"," ",[2]负载输入!L6)) | P176: =IF([2]负载输入!A6=0," ",IF($P$173="NA"," ",[2]负载输入!M6)) | Q176: =IF([2]负载输入!A6=0," ",IF($Q$173="NA"," ",[2]负载输入!N6))
B177: =IF([2]负载输入!A7=0," ",[2]负载输入!A7) | C177: =IF([2]负载输入!A7=0," ",[2]Analysis!C7) | E177: =IF([2]负载输入!A7=0," ",[2]Analysis!D7) | G177: =IF([2]负载输入!A7=0," ",[2]Analysis!E7) | H177: =IF([2]负载输入!A7=0," ",[2]负载输入!E7) | I177: =IF([2]负载输入!A7=0," ",[2]负载输入!F7) | J177: =IF([2]负载输入!A7=0," ",IF($J$173="NA"," ",[2]负载输入!G7)) | K177: =IF([2]负载输入!A7=0," ",IF($K$173="NA"," ",[2]负载输入!H7)) | L177: =IF([2]负载输入!A7=0," ",IF($L$173="NA"," ",[2]负载输入!I7)) | M177: =IF([2]负载输入!A7=0," ",IF($M$173="NA"," ",[2]负载输入!J7)) | N177: =IF([2]负载输入!A7=0," ",IF($N$173="NA"," ",[2]负载输入!K7)) | O177: =IF([2]负载输入!A7=0," ",IF($O$173="NA"," ",[2]负载输入!L7)) | P177: =IF([2]负载输入!A7=0," ",IF($P$173="NA"," ",[2]负载输入!M7)) | Q177: =IF([2]负载输入!A7=0," ",IF($Q$173="NA"," ",[2]负载输入!N7))
B178: =IF([2]负载输入!A8=0," ",[2]负载输入!A8) | C178: =IF([2]负载输入!A8=0," ",[2]Analysis!C8) | E178: =IF([2]负载输入!A8=0," ",[2]Analysis!D8) | G178: =IF([2]负载输入!A8=0," ",[2]Analysis!E8) | H178: =IF([2]负载输入!A8=0," ",[2]负载输入!E8) | I178: =IF([2]负载输入!A8=0," ",[2]负载输入!F8) | J178: =IF([2]负载输入!A8=0," ",IF($J$173="NA"," ",[2]负载输入!G8)) | K178: =IF([2]负载输入!A8=0," ",IF($K$173="NA"," ",[2]负载输入!H8)) | L178: =IF([2]负载输入!A8=0," ",IF($L$173="NA"," ",[2]负载输入!I8)) | M178: =IF([2]负载输入!A8=0," ",IF($M$173="NA"," ",[2]负载输入!J8)) | N178: =IF([2]负载输入!A8=0," ",IF($N$173="NA"," ",[2]负载输入!K8)) | O178: =IF([2]负载输入!A8=0," ",IF($O$173="NA"," ",[2]负载输入!L8)) | P178: =IF([2]负载输入!A8=0," ",IF($P$173="NA"," ",[2]负载输入!M8)) | Q178: =IF([2]负载输入!A8=0," ",IF($Q$173="NA"," ",[2]负载输入!N8))
B179: =IF([2]负载输入!A9=0," ",[2]负载输入!A9) | C179: =IF([2]负载输入!A9=0," ",[2]Analysis!C9) | E179: =IF([2]负载输入!A9=0," ",[2]Analysis!D9) | G179: =IF([2]负载输入!A9=0," ",[2]Analysis!E9) | H179: =IF([2]负载输入!A9=0," ",[2]负载输入!E9) | I179: =IF([2]负载输入!A9=0," ",[2]负载输入!F9) | J179: =IF([2]负载输入!A9=0," ",IF($J$173="NA"," ",[2]负载输入!G9)) | K179: =IF([2]负载输入!A9=0," ",IF($K$173="NA"," ",[2]负载输入!H9)) | L179: =IF([2]负载输入!A9=0," ",IF($L$173="NA"," ",[2]负载输入!I9)) | M179: =IF([2]负载输入!A9=0," ",IF($M$173="NA"," ",[2]负载输入!J9)) | N179: =IF([2]负载输入!A9=0," ",IF($N$173="NA"," ",[2]负载输入!K9)) | O179: =IF([2]负载输入!A9=0," ",IF($O$173="NA"," ",[2]负载输入!L9)) | P179: =IF([2]负载输入!A9=0," ",IF($P$173="NA"," ",[2]负载输入!M9)) | Q179: =IF([2]负载输入!A9=0," ",IF($Q$173="NA"," ",[2]负载输入!N9))
B180: =IF([2]负载输入!A10=0," ",[2]负载输入!A10) | C180: =IF([2]负载输入!A10=0," ",[2]Analysis!C10) | E180: =IF([2]负载输入!A10=0," ",[2]Analysis!D10) | G180: =IF([2]负载输入!A10=0," ",[2]Analysis!E10) | H180: =IF([2]负载输入!A10=0," ",[2]负载输入!E10) | I180: =IF([2]负载输入!A10=0," ",[2]负载输入!F10) | J180: =IF([2]负载输入!A10=0," ",IF($J$173="NA"," ",[2]负载输入!G10)) | K180: =IF([2]负载输入!A10=0," ",IF($K$173="NA"," ",[2]负载输入!H10)) | L180: =IF([2]负载输入!A10=0," ",IF($L$173="NA"," ",[2]负载输入!I10)) | M180: =IF([2]负载输入!A10=0," ",IF($M$173="NA"," ",[2]负载输入!J10)) | N180: =IF([2]负载输入!A10=0," ",IF($N$173="NA"," ",[2]负载输入!K10)) | O180: =IF([2]负载输入!A10=0," ",IF($O$173="NA"," ",[2]负载输入!L10)) | P180: =IF([2]负载输入!A10=0," ",IF($P$173="NA"," ",[2]负载输入!M10)) | Q180: =IF([2]负载输入!A10=0," ",IF($Q$173="NA"," ",[2]负载输入!N10))
B181: =IF([2]负载输入!A11=0," ",[2]负载输入!A11) | C181: =IF([2]负载输入!A11=0," ",[2]Analysis!C11) | E181: =IF([2]负载输入!A11=0," ",[2]Analysis!D11) | G181: =IF([2]负载输入!A11=0," ",[2]Analysis!E11) | H181: =IF([2]负载输入!A11=0," ",[2]负载输入!E11) | I181: =IF([2]负载输入!A11=0," ",[2]负载输入!F11) | J181: =IF([2]负载输入!A11=0," ",IF($J$173="NA"," ",[2]负载输入!G11)) | K181: =IF([2]负载输入!A11=0," ",IF($K$173="NA"," ",[2]负载输入!H11)) | L181: =IF([2]负载输入!A11=0," ",IF($L$173="NA"," ",[2]负载输入!I11)) | M181: =IF([2]负载输入!A11=0," ",IF($M$173="NA"," ",[2]负载输入!J11)) | N181: =IF([2]负载输入!A11=0," ",IF($N$173="NA"," ",[2]负载输入!K11)) | O181: =IF([2]负载输入!A11=0," ",IF($O$173="NA"," ",[2]负载输入!L11)) | P181: =IF([2]负载输入!A11=0," ",IF($P$173="NA"," ",[2]负载输入!M11)) | Q181: =IF([2]负载输入!A11=0," ",IF($Q$173="NA"," ",[2]负载输入!N11))
B182: =IF([2]负载输入!A12=0," ",[2]负载输入!A12) | C182: =IF([2]负载输入!A12=0," ",[2]Analysis!C12) | E182: =IF([2]负载输入!A12=0," ",[2]Analysis!D12) | G182: =IF([2]负载输入!A12=0," ",[2]Analysis!E12) | H182: =IF([2]负载输入!A12=0," ",[2]负载输入!E12) | I182: =IF([2]负载输入!A12=0," ",[2]负载输入!F12) | J182: =IF([2]负载输入!A12=0," ",IF($J$173="NA"," ",[2]负载输入!G12)) | K182: =IF([2]负载输入!A12=0," ",IF($K$173="NA"," ",[2]负载输入!H12)) | L182: =IF([2]负载输入!A12=0," ",IF($L$173="NA"," ",[2]负载输入!I12)) | M182: =IF([2]负载输入!A12=0," ",IF($M$173="NA"," ",[2]负载输入!J12)) | N182: =IF([2]负载输入!A12=0," ",IF($N$173="NA"," ",[2]负载输入!K12)) | O182: =IF([2]负载输入!A12=0," ",IF($O$173="NA"," ",[2]负载输入!L12)) | P182: =IF([2]负载输入!A12=0," ",IF($P$173="NA"," ",[2]负载输入!M12)) | Q182: =IF([2]负载输入!A12=0," ",IF($Q$173="NA"," ",[2]负载输入!N12))
B183: =IF([2]负载输入!A13=0," ",[2]负载输入!A13) | C183: =IF([2]负载输入!A13=0," ",[2]Analysis!C13) | E183: =IF([2]负载输入!A13=0," ",[2]Analysis!D13) | G183: =IF([2]负载输入!A13=0," ",[2]Analysis!E13) | H183: =IF([2]负载输入!A13=0," ",[2]负载输入!E13) | I183: =IF([2]负载输入!A13=0," ",[2]负载输入!F13) | J183: =IF([2]负载输入!A13=0," ",IF($J$173="NA"," ",[2]负载输入!G13)) | K183: =IF([2]负载输入!A13=0," ",IF($K$173="NA"," ",[2]负载输入!H13)) | L183: =IF([2]负载输入!A13=0," ",IF($L$173="NA"," ",[2]负载输入!I13)) | M183: =IF([2]负载输入!A13=0," ",IF($M$173="NA"," ",[2]负载输入!J13)) | N183: =IF([2]负载输入!A13=0," ",IF($N$173="NA"," ",[2]负载输入!K13)) | O183: =IF([2]负载输入!A13=0," ",IF($O$173="NA"," ",[2]负载输入!L13)) | P183: =IF([2]负载输入!A13=0," ",IF($P$173="NA"," ",[2]负载输入!M13)) | Q183: =IF([2]负载输入!A13=0," ",IF($Q$173="NA"," ",[2]负载输入!N13))
B184: =IF([2]负载输入!A14=0," ",[2]负载输入!A14) | C184: =IF([2]负载输入!A14=0," ",[2]Analysis!C14) | E184: =IF([2]负载输入!A14=0," ",[2]Analysis!D14) | G184: =IF([2]负载输入!A14=0," ",[2]Analysis!E14) | H184: =IF([2]负载输入!A14=0," ",[2]负载输入!E14) | I184: =IF([2]负载输入!A14=0," ",[2]负载输入!F14) | J184: =IF([2]负载输入!A14=0," ",IF($J$173="NA"," ",[2]负载输入!G14)) | K184: =IF([2]负载输入!A14=0," ",IF($K$173="NA"," ",[2]负载输入!H14)) | L184: =IF([2]负载输入!A14=0," ",IF($L$173="NA"," ",[2]负载输入!I14)) | M184: =IF([2]负载输入!A14=0," ",IF($M$173="NA"," ",[2]负载输入!J14)) | N184: =IF([2]负载输入!A14=0," ",IF($N$173="NA"," ",[2]负载输入!K14)) | O184: =IF([2]负载输入!A14=0," ",IF($O$173="NA"," ",[2]负载输入!L14)) | P184: =IF([2]负载输入!A14=0," ",IF($P$173="NA"," ",[2]负载输入!M14)) | Q184: =IF([2]负载输入!A14=0," ",IF($Q$173="NA"," ",[2]负载输入!N14))
B185: =IF([2]负载输入!A15=0," ",[2]负载输入!A15) | C185: =IF([2]负载输入!A15=0," ",[2]Analysis!C15) | E185: =IF([2]负载输入!A15=0," ",[2]Analysis!D15) | G185: =IF([2]负载输入!A15=0," ",[2]Analysis!E15) | H185: =IF([2]负载输入!A15=0," ",[2]负载输入!E15) | I185: =IF([2]负载输入!A15=0," ",[2]负载输入!F15) | J185: =IF([2]负载输入!A15=0," ",IF($J$173="NA"," ",[2]负载输入!G15)) | K185: =IF([2]负载输入!A15=0," ",IF($K$173="NA"," ",[2]负载输入!H15)) | L185: =IF([2]负载输入!A15=0," ",IF($L$173="NA"," ",[2]负载输入!I15)) | M185: =IF([2]负载输入!A15=0," ",IF($M$173="NA"," ",[2]负载输入!J15)) | N185: =IF([2]负载输入!A15=0," ",IF($N$173="NA"," ",[2]负载输入!K15)) | O185: =IF([2]负载输入!A15=0," ",IF($O$173="NA"," ",[2]负载输入!L15)) | P185: =IF([2]负载输入!A15=0," ",IF($P$173="NA"," ",[2]负载输入!M15)) | Q185: =IF([2]负载输入!A15=0," ",IF($Q$173="NA"," ",[2]负载输入!N15))
... B190: =IF([2]负载输入!A20=0," ",[2]负载输入!A20) | C190: =IF([2]负载输入!A20=0," ",[2]Analysis!C20) | E190: =IF([2]负载输入!A20=0," ",[2]Analysis!D20) | G190: =IF([2]负载输入!A20=0," ",[2]Analysis!E20) | H190: =IF([2]负载输入!A20=0," ",[2]负载输入!E20) | I190: =IF([2]负载输入!A20=0," ",[2]负载输入!F20) | J190: =IF([2]负载输入!A20=0," ",IF($J$173="NA"," ",[2]负载输入!G20)) | K190: =IF([2]负载输入!A20=0," ",IF($K$173="NA"," ",[2]负载输入!H20)) | L190: =IF([2]负载输入!A20=0," ",IF($L$173="NA"," ",[2]负载输入!I20)) | M190: =IF([2]负载输入!A20=0," ",IF($M$173="NA"," ",[2]负载输入!J20)) | N190: =IF([2]负载输入!A20=0," ",IF($N$173="NA"," ",[2]负载输入!K20)) | O190: =IF([2]负载输入!A20=0," ",IF($O$173="NA"," ",[2]负载输入!L20)) | P190: =IF([2]负载输入!A20=0," ",IF($P$173="NA"," ",[2]负载输入!M20)) | Q190: =IF([2]负载输入!A20=0," ",IF($Q$173="NA"," ",[2]负载输入!N20))
...
